{
    "dataset2": {
        "testcase_reuse_rate_precision": 0.26881720430107525,
        "testcase_reuse_rate_recall": 0.39473684210526316,
        "testcase_reuse_rate_f1": 0.3198294243070362,
        "testcase_max_reuse_rate_precision": 0.3763440860215054,
        "testcase_max_reuse_rate_recall": 0.5526315789473685,
        "testcase_max_reuse_rate_f1": 0.44776119402985076,
        "scenario_reuse_rate_precision": 0.16071428571428573,
        "scenario_reuse_rate_recall": 0.16071428571428573,
        "scenario_reuse_rate_f1": 0.16071428571428573,
        "scenario_max_reuse_rate_precision": 0.41517857142857145,
        "scenario_max_reuse_rate_recall": 0.41517857142857145,
        "scenario_max_reuse_rate_f1": 0.41517857142857145
    }
}