{
    "dataset4": {
        "testcase_reuse_rate_precision": 0.6384615384615384,
        "testcase_reuse_rate_recall": 0.4715909090909091,
        "testcase_reuse_rate_f1": 0.5424836601307189,
        "testcase_max_reuse_rate_precision": 0.7230769230769231,
        "testcase_max_reuse_rate_recall": 0.5340909090909091,
        "testcase_max_reuse_rate_f1": 0.6143790849673202,
        "scenario_reuse_rate_precision": 0.25862068965517243,
        "scenario_reuse_rate_recall": 0.2459016393442623,
        "scenario_reuse_rate_f1": 0.25210084033613445,
        "scenario_max_reuse_rate_precision": 0.8620689655172413,
        "scenario_max_reuse_rate_recall": 0.819672131147541,
        "scenario_max_reuse_rate_f1": 0.8403361344537814
    }
}