{
    "dataset3": {
        "testcase_reuse_rate_precision": 0.3890909090909091,
        "testcase_reuse_rate_recall": 0.34627831715210355,
        "testcase_reuse_rate_f1": 0.3664383561643835,
        "testcase_max_reuse_rate_precision": 0.6036363636363636,
        "testcase_max_reuse_rate_recall": 0.5372168284789643,
        "testcase_max_reuse_rate_f1": 0.5684931506849314,
        "scenario_reuse_rate_precision": 0.17391304347826086,
        "scenario_reuse_rate_recall": 0.16,
        "scenario_reuse_rate_f1": 0.16666666666666666,
        "scenario_max_reuse_rate_precision": 0.5434782608695652,
        "scenario_max_reuse_rate_recall": 0.5,
        "scenario_max_reuse_rate_f1": 0.5208333333333334
    }
}