{
    "dataset9": {
        "testcase_reuse_rate_precision": 0.9333333333333333,
        "testcase_reuse_rate_recall": 0.10727969348659004,
        "testcase_reuse_rate_f1": 0.19243986254295534,
        "testcase_max_reuse_rate_precision": 2.8666666666666667,
        "testcase_max_reuse_rate_recall": 0.32950191570881227,
        "testcase_max_reuse_rate_f1": 0.5910652920962199,
        "scenario_reuse_rate_precision": 0.5,
        "scenario_reuse_rate_recall": 0.09615384615384616,
        "scenario_reuse_rate_f1": 0.16129032258064518,
        "scenario_max_reuse_rate_precision": 2.5,
        "scenario_max_reuse_rate_recall": 0.5769230769230769,
        "scenario_max_reuse_rate_f1": 0.9374999999999999
    }
}