{
    "testcase_reuse_precision": 0.14516129032258066,
    "testcase_reuse_recall": 1.0,
    "testcase_reuse_f1": 0.2535211267605634,
    "scenario_reuse_precision": 0.12,
    "scenario_reuse_recall": 1.0,
    "scenario_reuse_f1": 0.21428571428571425
}