{
    "testcase_reuse_precision": 0.21476510067114093,
    "testcase_reuse_recall": 0.9078014184397163,
    "testcase_reuse_f1": 0.34735413839891455,
    "scenario_reuse_precision": 0.23333333333333334,
    "scenario_reuse_recall": 0.9620253164556962,
    "scenario_reuse_f1": 0.3755735968937522
}