{
    "testcase_reuse_precision": 1.0,
    "testcase_reuse_recall": 0.13953488372093023,
    "testcase_reuse_f1": 0.24489795918367346,
    "scenario_reuse_precision": 1.0,
    "scenario_reuse_recall": 0.16666666666666666,
    "scenario_reuse_f1": 0.2857142857142857
}