{
    "testcase_reuse_precision": 1.0,
    "testcase_reuse_recall": 0.8604651162790697,
    "testcase_reuse_f1": 0.9249999999999999,
    "scenario_reuse_precision": 1.0,
    "scenario_reuse_recall": 0.8333333333333334,
    "scenario_reuse_f1": 0.9090909090909091
}