{"dataset5": {"change": 0.0, "precision_testcase": 0.7270642201834863, "precision_changed_testcase": 0.14285714285714285, "recall_testcase": 0.84, "recall_changed_testcase": 0.20512820512820512, "f1_testcase": 0.7794625607400035, "f1_changed_testcase": 0.16842105263157894}}