{
    "rule_pre": 1.0,
    "rule_rec": 0.6666666666666666,
    "rule_f1": 0.8,
    "req_pre": 0.4,
    "req_rec": 0.1111111111111111,
    "req_f1": 0.1739130434782609,
    "sce_pre": 0.4,
    "sce_rec": 0.1111111111111111,
    "sce_f1": 0.1739130434782609
}