{
    "dataset6": {
        "change": 0.5833333333333334,
        "precision_testcase": 0.20539730134932535,
        "precision_changed_testcase": 0.0,
        "recall_testcase": 0.330518697225573,
        "recall_changed_testcase": 0.0,
        "f1_testcase": 0.25335182616736013,
        "f1_changed_testcase": 0
    }
}