{
    "dataset11": {
        "change": 0.125,
        "precision_testcase": 0.23529411764705882,
        "precision_changed_testcase": 0.1348314606741573,
        "recall_testcase": 0.1889763779527559,
        "recall_changed_testcase": 0.10434782608695652,
        "f1_testcase": 0.2096069868995633,
        "f1_changed_testcase": 0.1176470588235294
    }
}