{
    "rule_pre": 0.16666666666666666,
    "rule_rec": 0.037037037037037035,
    "rule_f1": 0.06060606060606061,
    "req_pre": 0.0,
    "req_rec": 0.0,
    "req_f1": 0,
    "sce_pre": 0.0,
    "sce_rec": 0.0,
    "sce_f1": 0
}