{
    "dataset9": {
        "change": 0.6666666666666666,
        "precision_testcase": 0.2773722627737226,
        "precision_changed_testcase": 0.01,
        "recall_testcase": 0.29118773946360155,
        "recall_changed_testcase": 0.011428571428571429,
        "f1_testcase": 0.2841121495327103,
        "f1_changed_testcase": 0.010666666666666666
    }
}