{"dataset3": {"change": 0.0, "precision_testcase": 0.5672727272727273, "precision_changed_testcase": 0.28994082840236685, "recall_testcase": 0.5566343042071198, "recall_changed_testcase": 0.45454545454545453, "f1_testcase": 0.5619031663595241, "f1_changed_testcase": 0.3540462427745665}}