{"dataset4": {"change": 0.0, "precision_testcase": 0.6384615384615384, "precision_changed_testcase": 0.0, "recall_testcase": 0.4715909090909091, "recall_changed_testcase": 0.0, "f1_testcase": 0.5424836601307189, "f1_changed_testcase": 0}}