{
    "dataset9": {
        "change": 0.6666666666666666,
        "precision_testcase": 0.6808510638297872,
        "precision_changed_testcase": 0.11764705882352941,
        "recall_testcase": 0.5614035087719298,
        "recall_changed_testcase": 0.09523809523809523,
        "f1_testcase": 0.6153846153846153,
        "f1_changed_testcase": 0.10526315789473684
    }
}