{
    "dataset1": {
        "change": 0.025,
        "precision_testcase": 0.3355263157894737,
        "precision_changed_testcase": 0.12844036697247707,
        "recall_testcase": 0.4721030042918455,
        "recall_changed_testcase": 0.18181818181818182,
        "f1_testcase": 0.39226654546725864,
        "f1_changed_testcase": 0.15053763440860216
    }
}