{
    "dataset7": {
        "change": 0.75,
        "precision_testcase": 0.07100591715976332,
        "precision_changed_testcase": 0.01875,
        "recall_testcase": 0.07357859531772576,
        "recall_changed_testcase": 0.014234875444839857,
        "f1_testcase": 0.07226936764303313,
        "f1_changed_testcase": 0.016183412002697233
    }
}