{
    "rule_pre": 0.3333333333333333,
    "rule_rec": 0.125,
    "rule_f1": 0.18181818181818182,
    "req_pre": 0.0,
    "req_rec": 0.0,
    "req_f1": 0,
    "sce_pre": 0.0,
    "sce_rec": 0.0,
    "sce_f1": 0
}