{
    "rule_pre": 1.0,
    "rule_rec": 0.5833333333333334,
    "rule_f1": 0.7368421052631579,
    "req_pre": 0.07947019867549669,
    "req_rec": 0.0071174377224199285,
    "req_f1": 0.013064779531845398,
    "sce_pre": 0.07947019867549669,
    "sce_rec": 0.012084592145015106,
    "sce_f1": 0.02097902097902098
}