{
    "dataset6": {
        "change": 0.5833333333333334,
        "precision_testcase": 0.14285714285714285,
        "precision_changed_testcase": 0.0,
        "recall_testcase": 0.1829787234042553,
        "recall_changed_testcase": 0.0,
        "f1_testcase": 0.16044776119402984,
        "f1_changed_testcase": 0
    }
}