{
    "rule_pre": 0.5,
    "rule_rec": 0.25,
    "rule_f1": 0.3333333333333333,
    "req_pre": 0.3333333333333333,
    "req_rec": 0.10434782608695652,
    "req_f1": 0.15894039735099336,
    "sce_pre": 0.3333333333333333,
    "sce_rec": 0.10434782608695652,
    "sce_f1": 0.15894039735099336
}