{
    "rule_pre": 0.5588235294117647,
    "rule_rec": 0.7037037037037037,
    "rule_f1": 0.6229508196721312,
    "req_pre": 0.0,
    "req_rec": 0.0,
    "req_f1": 0,
    "sce_pre": 0.0,
    "sce_rec": 0.0,
    "sce_f1": 0
}