{
    "dataset2": {
        "change": 0.7037037037037037,
        "precision_testcase": 0.25,
        "precision_changed_testcase": 0.09090909090909091,
        "recall_testcase": 0.04597701149425287,
        "recall_changed_testcase": 0.02127659574468085,
        "f1_testcase": 0.07766990291262135,
        "f1_changed_testcase": 0.034482758620689655
    }
}