{
    "rule_pre": 1.0,
    "rule_rec": 0.75,
    "rule_f1": 0.8571428571428571,
    "req_pre": 0.25,
    "req_rec": 0.06451612903225806,
    "req_f1": 0.10256410256410256,
    "sce_pre": 0.25,
    "sce_rec": 0.06451612903225806,
    "sce_f1": 0.10256410256410256
}