{
    "dataset1": {
        "change": 0.6,
        "precision_testcase": 0.028169014084507043,
        "precision_changed_testcase": 0.0,
        "recall_testcase": 0.0031496062992125984,
        "recall_changed_testcase": 0.0,
        "f1_testcase": 0.005665722379603399,
        "f1_changed_testcase": 0
    }
}