{
    "rule_pre": 0.9230769230769231,
    "rule_rec": 1.0,
    "rule_f1": 0.9600000000000001,
    "req_pre": 0.7777777777777778,
    "req_rec": 0.005338078291814947,
    "req_f1": 0.010603382984094927,
    "sce_pre": 0.7777777777777778,
    "sce_rec": 0.00906344410876133,
    "sce_f1": 0.017918088737201365
}