{
    "dataset2": {
        "change": 0.7037037037037037,
        "precision_testcase": 0.3111111111111111,
        "precision_changed_testcase": 0.07407407407407407,
        "recall_testcase": 0.03684210526315789,
        "recall_changed_testcase": 0.011764705882352941,
        "f1_testcase": 0.06588235294117646,
        "f1_changed_testcase": 0.020304568527918784
    }
}