{
    "rule_pre": 0.46153846153846156,
    "rule_rec": 0.6,
    "rule_f1": 0.5217391304347826,
    "req_pre": 0.0,
    "req_rec": 0.0,
    "req_f1": 0,
    "sce_pre": 0.0,
    "sce_rec": 0.0,
    "sce_f1": 0
}