{
    "dataset6": {
        "precision_testcase": 0.7499999999999999,
        "precision_changed_testcase": 0,
        "recall_testcase": 0.7155977694378751,
        "recall_changed_testcase": 0,
        "f1_testcase": 0.7323951199574424,
        "f1_changed_testcase": 0
    }
}