{"dataset3": {"precision_testcase": 0.7475674308968057, "precision_changed_testcase": 0, "recall_testcase": 0.8481607088464534, "recall_changed_testcase": 0, "f1_testcase": 0.7946934146338637, "f1_changed_testcase": 0}}