{
    "dataset2": {
        "precision_testcase": 0.6772880473316848,
        "precision_changed_testcase": 0,
        "recall_testcase": 0.775078676850694,
        "recall_changed_testcase": 0,
        "f1_testcase": 0.7228911470250848,
        "f1_changed_testcase": 0
    }
}