{"dataset5": {"precision_testcase": 0.5543374306984035, "precision_changed_testcase": 0, "recall_testcase": 0.9032225828702081, "recall_changed_testcase": 0, "f1_testcase": 0.6870250024370307, "f1_changed_testcase": 0}}