{"dataset4": {"precision_testcase": 0.6457772871155227, "precision_changed_testcase": 0, "recall_testcase": 0.9230817980043539, "recall_changed_testcase": 0, "f1_testcase": 0.7599219903875842, "f1_changed_testcase": 0}}