{
    "rule_pre": 0.851063829787234,
    "rule_rec": 1.0,
    "rule_f1": 0.9195402298850576,
    "req_pre": 0.9289099526066351,
    "req_rec": 1.0,
    "req_f1": 0.9631449631449631,
    "sce_pre": 0.9289099526066351,
    "sce_rec": 1.0,
    "sce_f1": 0.9631449631449631
}