{"dataset4": {"change": 1.0, "precision_testcase": 0.764367816091954, "precision_changed_testcase": 0.5, "recall_testcase": 1.0, "recall_changed_testcase": 1.0, "f1_testcase": 0.8664495114006515, "f1_changed_testcase": 0.6666666666666666}}