{
    "rule_pre": 0.8709677419354839,
    "rule_rec": 1.0,
    "rule_f1": 0.9310344827586207,
    "req_pre": 0.8103448275862069,
    "req_rec": 1.0,
    "req_f1": 0.8952380952380952,
    "sce_pre": 0.8103448275862069,
    "sce_rec": 1.0,
    "sce_f1": 0.8952380952380952
}