{"dataset5": {"change": 1.0, "precision_testcase": 0.90625, "precision_changed_testcase": 0.7959183673469388, "recall_testcase": 0.9925, "recall_changed_testcase": 1.0, "f1_testcase": 0.9474160631994734, "f1_changed_testcase": 0.8863636363636364}}