{"dataset3": {"change": 0.8, "precision_testcase": 0.8892508143322475, "precision_changed_testcase": 0.7622377622377622, "recall_testcase": 0.9935275080906149, "recall_changed_testcase": 1.0, "f1_testcase": 0.9385015061084174, "f1_changed_testcase": 0.8650793650793651}}