{
    "rule_pre": 1.0,
    "rule_rec": 1.0,
    "rule_f1": 1.0,
    "req_pre": 1.0,
    "req_rec": 0.9478260869565217,
    "req_f1": 0.9732142857142857,
    "sce_pre": 1.0,
    "sce_rec": 0.9478260869565217,
    "sce_f1": 0.9732142857142857
}