{
    "dataset2": {
        "change": 1.0,
        "precision_testcase": 0.9110576923076923,
        "precision_changed_testcase": 0.8203883495145631,
        "recall_testcase": 0.9973684210526316,
        "recall_changed_testcase": 0.9941176470588236,
        "f1_testcase": 0.9522613065326634,
        "f1_changed_testcase": 0.898936170212766
    }
}