{
    "rule_pre": 0.5714285714285714,
    "rule_rec": 1.0,
    "rule_f1": 0.7272727272727273,
    "req_pre": 1.0,
    "req_rec": 1.0,
    "req_f1": 1.0,
    "sce_pre": 1.0,
    "sce_rec": 1.0,
    "sce_f1": 1.0
}