{
    "ts_reuse_p": 0.4367816091954023,
    "ts_reuse_r": 0.6551724137931034,
    "ts_reuse_f": 0.5241379310344828,
    "ts_p": 0.35625,
    "ts_r": 0.7700534759358288,
    "ts_f": 0.48713611679871816
}