{
    "ts_reuse_p": 0.6989247311827957,
    "ts_reuse_r": 0.8947368421052632,
    "ts_reuse_f": 0.7848011363636365,
    "ts_p": 0.3700887198986058,
    "ts_r": 0.7788461538461539,
    "ts_f": 0.5017554652778513
}