{
    "ts_reuse_p": 1.0,
    "ts_reuse_r": 0.375,
    "ts_reuse_f": 0.5454545454545454,
    "ts_p": 0.9380530973451328,
    "ts_r": 0.5579710144927537,
    "ts_f": 0.699729949847829
}