{
    "ts_reuse_p": 0.7142857142857143,
    "ts_reuse_r": 1.0,
    "ts_reuse_f": 0.8333333333333333,
    "ts_p": 0.6842105263157895,
    "ts_r": 0.38372093023255816,
    "ts_f": 0.4916905444126074
}