{
    "ts_reuse_p": 0.13793103448275862,
    "ts_reuse_r": 1.0,
    "ts_reuse_f": 0.2424242424242424,
    "ts_p": 0.5934065934065934,
    "ts_r": 0.23711340206185566,
    "ts_f": 0.3388350838903288
}