{
    "ts_reuse_p": 0.3333333333333333,
    "ts_reuse_r": 1.0,
    "ts_reuse_f": 0.5,
    "ts_p": 0.4666666666666667,
    "ts_r": 0.3181818181818182,
    "ts_f": 0.3783783783783784
}