{
    "ts_reuse_p": 0.32577319587628867,
    "ts_reuse_r": 0.6585365853658537,
    "ts_reuse_f": 0.43590660603893117,
    "ts_p": 0.2362052274927396,
    "ts_r": 0.4351464435146444,
    "ts_f": 0.3061997731496006
}