{
    "ts_reuse_p": 0.0,
    "ts_reuse_r": 0,
    "ts_reuse_f": 0,
    "ts_p": 0.2727272727272727,
    "ts_r": 0.19047619047619047,
    "ts_f": 0.22429906542056074
}