{
    "ts_reuse_p": 1.0,
    "ts_reuse_r": 1.0,
    "ts_reuse_f": 1.0,
    "ts_p": 0.8811881188118812,
    "ts_r": 0.9418282548476454,
    "ts_f": 0.9104996314071222
}