{
    "ts_reuse_p": 1.0,
    "ts_reuse_r": 0.75,
    "ts_reuse_f": 0.8571428571428571,
    "ts_p": 1.0,
    "ts_r": 0.95,
    "ts_f": 0.9743589743589743
}