{
    "ts_reuse_p": 0.0,
    "ts_reuse_r": 0.0,
    "ts_reuse_f": 0,
    "ts_p": 0.3,
    "ts_r": 0.42857142857142855,
    "ts_f": 0.3529411764705882
}