{
    "ts_reuse_p": 0.0,
    "ts_reuse_r": 0.0,
    "ts_reuse_f": 0,
    "ts_p": 0.1259259259259259,
    "ts_r": 0.2013888888888889,
    "ts_f": 0.15495835297815494
}