{
    "ts_reuse_p": 1.0,
    "ts_reuse_r": 0.6666666666666666,
    "ts_reuse_f": 0.8,
    "ts_p": 1.0,
    "ts_r": 0.7586206896551724,
    "ts_f": 0.8627450980392156
}