{
    "ts_reuse_p": 0.14213197969543148,
    "ts_reuse_r": 0.2916666666666667,
    "ts_reuse_f": 0.19112627986348124,
    "ts_p": 0.2876949740034662,
    "ts_r": 0.599009900990099,
    "ts_f": 0.3887023580295891
}