{
    "ts_reuse_p": 0.5,
    "ts_reuse_r": 1.0,
    "ts_reuse_f": 0.6666666666666666,
    "ts_p": 0.4057971014492754,
    "ts_r": 1.0,
    "ts_f": 0.577319587628866
}