{
    "ts_reuse_p": 1.0,
    "ts_reuse_r": 0.07692307692307693,
    "ts_reuse_f": 0.14285714285714288,
    "ts_p": 0.4264705882352941,
    "ts_r": 0.4233576642335766,
    "ts_f": 0.4249084249084249
}