{
    "ts_reuse_p": 0.3,
    "ts_reuse_r": 0.36,
    "ts_reuse_f": 0.3272727272727273,
    "ts_p": 0.288135593220339,
    "ts_r": 0.3425414364640884,
    "ts_f": 0.3129918337045286
}