{
    "ts_reuse_p": 0.5,
    "ts_reuse_r": 0.1111111111111111,
    "ts_reuse_f": 0.1818181818181818,
    "ts_p": 0.5180722891566265,
    "ts_r": 0.20512820512820512,
    "ts_f": 0.2938914993592482
}