{
    "ts_reuse_p": 0.3,
    "ts_reuse_r": 0.25,
    "ts_reuse_f": 0.2727272727272727,
    "ts_p": 0.4012738853503185,
    "ts_r": 0.23076923076923078,
    "ts_f": 0.2930232558139535
}