{
    "ts_reuse_p": 0.06896551724137931,
    "ts_reuse_r": 0.04,
    "ts_reuse_f": 0.05063291139240506,
    "ts_p": 0.16720257234726688,
    "ts_r": 0.15463917525773196,
    "ts_f": 0.16067566175713255
}