{
    "ts_p": 0.9230769230769231,
    "ts_r": 0.7058823529411765,
    "ts_f": 0.8000000000000002,
    "ts_reuse_p": 1.0,
    "ts_reuse_r": 0.9473684210526315,
    "ts_reuse_f": 0.972972972972973
}