{
    "ts_reuse_p": 0.611764705882353,
    "ts_reuse_r": 1.0,
    "ts_reuse_f": 0.759124087591241,
    "ts_p": 0.6898395721925134,
    "ts_r": 0.7865853658536586,
    "ts_f": 0.735042735042735
}