{
    "ts_reuse_p": 0.2857142857142857,
    "ts_reuse_r": 0.2857142857142857,
    "ts_reuse_f": 0.2857142857142857,
    "ts_p": 0.012903225806451613,
    "ts_r": 0.020618556701030927,
    "ts_f": 0.015873015873015872
}