{
    "ts_reuse_p": 0.9861111111111112,
    "ts_reuse_r": 0.9871794871794872,
    "ts_reuse_f": 0.9866450099260061,
    "ts_p": 0.8104265402843602,
    "ts_r": 0.7314487632508834,
    "ts_f": 0.7689149560117302
}