{
    "ts_reuse_p": 0.9019607843137255,
    "ts_reuse_r": 0.9302325581395349,
    "ts_reuse_f": 0.9158785465405674,
    "ts_p": 0.6912928759894459,
    "ts_r": 0.7165532879818595,
    "ts_f": 0.7036964633286019
}