{
    "ts_reuse_p": 0.7894736842105263,
    "ts_reuse_r": 1.0,
    "ts_reuse_f": 0.8823529411764706,
    "ts_p": 0.47058823529411764,
    "ts_r": 0.6101694915254238,
    "ts_f": 0.5313653136531366
}