{
    "ts_reuse_p": 0.6363636363636364,
    "ts_reuse_r": 0.5384615384615384,
    "ts_reuse_f": 0.5833333333333334,
    "ts_p": 0.7596899224806202,
    "ts_r": 0.3032258064516129,
    "ts_f": 0.433444690161389
}