{
    "ts_reuse_p": 1.0,
    "ts_reuse_r": 0.3333333333333333,
    "ts_reuse_f": 0.5,
    "ts_p": 1.0,
    "ts_r": 0.275,
    "ts_f": 0.4313725490196079
}