{
    "ts_reuse_p": 0.2549019607843137,
    "ts_reuse_r": 0.65,
    "ts_reuse_f": 0.36619718309859156,
    "ts_p": 0.19112627986348124,
    "ts_r": 0.37333333333333335,
    "ts_f": 0.2528216704288939
}