{
    "ts_reuse_p": 1.0,
    "ts_reuse_r": 0.14634146341463414,
    "ts_reuse_f": 0.2553191489361702,
    "ts_p": 1.0,
    "ts_r": 0.3375,
    "ts_f": 0.5046728971962617
}