{
    "ts_reuse_p": 0.45454545454545453,
    "ts_reuse_r": 0.5555555555555556,
    "ts_reuse_f": 0.5,
    "ts_p": 0.6436781609195402,
    "ts_r": 0.2777777777777778,
    "ts_f": 0.3880803880803881
}