{
    "ts_reuse_p": 0.6666666666666666,
    "ts_reuse_r": 1.0,
    "ts_reuse_f": 0.8,
    "ts_p": 0.8661417322834646,
    "ts_r": 0.5662650602409639,
    "ts_f": 0.684813563812173
}