{
    "ts_reuse_p": 1.0,
    "ts_reuse_r": 0.8235294117647058,
    "ts_reuse_f": 0.9032258064516129,
    "ts_p": 1.0,
    "ts_r": 0.7586206896551724,
    "ts_f": 0.8627450980392156
}