{
    "ts_reuse_p": 0.2840909090909091,
    "ts_reuse_r": 0.5897435897435898,
    "ts_reuse_f": 0.38346115371790607,
    "ts_p": 0.10453648915187377,
    "ts_r": 0.2554347826086957,
    "ts_f": 0.14835770227211817
}